{
  "races": 33,
  "modelTopPickBets": 33,
  "modelTopPickWins": 6,
  "modelTopPickStake": 33,
  "modelTopPickReturn": 28.900000000000002,
  "modelTopPickWinRate": 0.18181818181818182,
  "modelTopPickRoi": -0.12424242424242418,
  "marketFavouriteBets": 33,
  "marketFavouriteWins": 11,
  "marketFavouriteStake": 33,
  "marketFavouriteReturn": 32.5,
  "marketFavouriteWinRate": 0.3333333333333333,
  "marketFavouriteRoi": -0.015151515151515152,
  "valueBets": 33,
  "valueWins": 3,
  "valueStake": 33,
  "valueReturn": 34.1,
  "valueWinRate": 0.09090909090909091,
  "valueRoi": 0.033333333333333375
}
