{
  "races": 115,
  "modelTopPickBets": 115,
  "modelTopPickWins": 15,
  "modelTopPickStake": 115,
  "modelTopPickReturn": 90.4,
  "modelTopPickWinRate": 0.13043478260869565,
  "modelTopPickRoi": -0.21391304347826082,
  "marketFavouriteBets": 115,
  "marketFavouriteWins": 37,
  "marketFavouriteStake": 115,
  "marketFavouriteReturn": 110.80000000000001,
  "marketFavouriteWinRate": 0.3217391304347826,
  "marketFavouriteRoi": -0.03652173913043468,
  "valueBets": 115,
  "valueWins": 8,
  "valueStake": 115,
  "valueReturn": 94.8,
  "valueWinRate": 0.06956521739130435,
  "valueRoi": -0.1756521739130435
}
