{
  "modelId": "logit-runner-v1",
  "label": "Python numpy logistic runner model",
  "generatedAt": "2026-07-07T04:42:24.816962Z",
  "training": {
    "input": "/Users/shi/Documents/赛马市场预测/.worktrees/hkjc-training-optimization/hkjc-horse-model/data/processed/training-dataset.json",
    "rows": 175212,
    "trainRows": 148326,
    "iterations": 160,
    "learningRate": 0.05,
    "l2": 0.001,
    "normalization": "sigmoid runner score normalized within race"
  },
  "features": [
    "distance",
    "raceClass",
    "fieldSize",
    "draw",
    "actualWeight",
    "horseRunsBefore",
    "horseWinsBefore",
    "horsePlacesBefore",
    "horseWinRateBefore",
    "horsePlaceRateBefore",
    "horseAverageLbwBefore",
    "daysSinceLastRun",
    "jockeyRunsBefore",
    "jockeyWinsBefore",
    "jockeyPlacesBefore",
    "jockeyWinRateBefore",
    "jockeyPlaceRateBefore",
    "trainerRunsBefore",
    "trainerWinsBefore",
    "trainerPlacesBefore",
    "trainerWinRateBefore",
    "trainerPlaceRateBefore",
    "distanceSurfaceStartsBefore",
    "distanceSurfaceWinRateBefore",
    "distanceSurfacePlaceRateBefore"
  ],
  "weights": [
    -1.597399,
    0.007096,
    0.039542,
    -0.030999,
    -0.061223,
    0.010444,
    -0.025725,
    -0.037082,
    -0.023121,
    0.058135,
    0.083027,
    -0.054209,
    -0.015811,
    -0.005877,
    0.036475,
    0.027256,
    0.069109,
    0.078882,
    -0.01113,
    -0.00233,
    -0.005269,
    0.017249,
    0.021097,
    -0.006262,
    0.03954,
    0.061914
  ],
  "featureMeans": [
    1330.069576,
    3.369005,
    12.535901,
    6.800743,
    123.092668,
    15.507962,
    1.429399,
    4.211258,
    0.084116,
    0.239516,
    4.669247,
    34.360375,
    1950.826807,
    188.084793,
    530.079635,
    0.084074,
    0.248538,
    2881.635829,
    248.412113,
    726.541651,
    0.084523,
    0.247792,
    4.155832,
    0.089627,
    0.242442
  ],
  "featureStds": [
    408.632245,
    1.209081,
    1.44569,
    3.719947,
    6.212182,
    13.47295,
    1.75621,
    4.415278,
    0.125867,
    0.218538,
    3.073354,
    39.846288,
    1885.022746,
    256.456758,
    631.418857,
    0.047618,
    0.092772,
    2074.282546,
    205.880649,
    566.419029,
    0.029322,
    0.053855,
    5.58131,
    0.184547,
    0.306968
  ],
  "metrics": {
    "overall": {
      "rows": 175212,
      "races": 14221,
      "brierScore": 0.072327,
      "logLoss": 0.26792,
      "topPickWins": 3228,
      "topPickWinRate": 0.226988
    },
    "bySplit": {
      "train": {
        "rows": 148326,
        "races": 12029,
        "brierScore": 0.07226,
        "logLoss": 0.26761,
        "topPickWins": 2751,
        "topPickWinRate": 0.228697
      },
      "validation": {
        "rows": 20234,
        "races": 1657,
        "brierScore": 0.072974,
        "logLoss": 0.270599,
        "topPickWins": 363,
        "topPickWinRate": 0.219071
      },
      "holdout": {
        "rows": 6652,
        "races": 535,
        "brierScore": 0.07187,
        "logLoss": 0.26669,
        "topPickWins": 114,
        "topPickWinRate": 0.213084
      }
    },
    "calibration": [
      {
        "label": "<10%",
        "rows": 145392,
        "averageProbability": 0.072145,
        "actualWinRate": 0.059391,
        "calibrationGap": -0.012754
      },
      {
        "label": "10-15%",
        "rows": 25844,
        "averageProbability": 0.117294,
        "actualWinRate": 0.17033,
        "calibrationGap": 0.053036
      },
      {
        "label": "15-20%",
        "rows": 3386,
        "averageProbability": 0.166792,
        "actualWinRate": 0.285883,
        "calibrationGap": 0.119091
      },
      {
        "label": "20%+",
        "rows": 590,
        "averageProbability": 0.229826,
        "actualWinRate": 0.416949,
        "calibrationGap": 0.187123
      }
    ]
  },
  "responsibleUse": "paper-mode probability baseline; not an automatic cash betting model"
}
